Skills,Interests,Career,Description
"Python, SQL","Data Analysis, Problem Solving",Data Scientist,A professional who uses data to generate insights and build predictive models to help decision-making.
"Java, Android","App Development, UI Design",Mobile App Developer,Specializes in creating applications for mobile devices using platforms like Android or iOS.
"Communication, Leadership","Teamwork, Public Speaking",Project Manager,Oversees project planning and execution while leading teams to achieve goals efficiently.
"HTML, CSS, JavaScript","Web Design, UX",Frontend Developer,Builds interactive and responsive user interfaces for websites and web applications.
"C++, Algorithms","Competitive Programming, Logic Building",Software Engineer,"Designs, develops, and maintains software systems and applications."
"R, Statistics","Data Visualization, Research",Statistician,Uses statistical methods to collect and analyze data for research and decision-making.
"Python, TensorFlow","AI, Neural Networks",Machine Learning Engineer,Develops algorithms that allow computers to learn from data and improve over time.
"Cybersecurity, Networking","Security Systems, Hacking Prevention",Cybersecurity Analyst,Protects systems and networks from cyber threats and unauthorized access.
"Linux, Shell Scripting","System Administration, Server Management",System Administrator,"Maintains and configures servers, networks, and IT infrastructure."
"Adobe Photoshop, Illustrator","Graphic Design, Branding",Graphic Designer,Creates visual content to communicate messages and enhance branding.
"3D Modeling, CAD","Architecture, Product Design",CAD Designer,Designs and models 2D/3D structures and components using specialized software.
"Excel, Business Analysis","Market Trends, Reporting",Business Analyst,Bridges the gap between business needs and technology solutions through data analysis.
"Python, Flask","Web Apps, APIs",Backend Developer,"Develops the logic, database interaction, and server-side functionality of web apps."
"Salesforce, CRM","Customer Relations, Automation",CRM Specialist,Manages customer relationships using CRM software to enhance sales and marketing efforts.
"SEO, Google Analytics","Marketing, Content Optimization",Digital Marketer,Promotes products and services using digital channels and analytics.
"Python, Pandas, Numpy","Big Data, Data Cleaning",Data Analyst,Analyzes structured data to find trends and support business decisions.
"MATLAB, Control Systems","Robotics, Automation",Control Systems Engineer,Designs systems that control dynamic processes in machines and vehicles.
"SAP, ERP Systems","Resource Planning, Business Integration",SAP Consultant,Implements and manages SAP solutions to streamline enterprise operations.
"Python, Pytorch","Deep Learning, Computer Vision",AI Researcher,Explores and develops innovative AI technologies and applications.
"AWS, Docker, Kubernetes","Cloud Infrastructure, DevOps",DevOps Engineer,Manages deployment pipelines and cloud infrastructure for faster development.
"Financial Modeling, Excel","Investing, Forecasting",Financial Analyst,"Analyzes financial data and builds models for budgeting, investing, and forecasting."
"English, Storytelling","Writing, Editing",Content Writer,"Creates written content for blogs, articles, websites, and marketing."
"Recruitment, Onboarding","People Management, Policies",HR Manager,Manages hiring processes and employee well-being in organizations.
"Excel, Taxation","Finance, Law",Accountant,"Prepares financial records, budgets, and ensures tax compliance."
"Teaching, Mentoring","Education, Learning",Educator,Facilitates learning and development for students or professionals.
"Event Planning, Budgeting","Logistics, Coordination",Event Manager,Plans and organizes events ensuring seamless execution.
"Negotiation, Market Research","Customer Interaction, Retail",Sales Executive,Drives product sales through relationship-building and marketing strategies.
"Research, Writing","Journalism, Investigative Reporting",Journalist,"Reports on current events and topics through writing, interviews, and investigation."
"UI/UX Design, Figma","Design Thinking, User Experience",UX Designer,Designs user-centric digital products ensuring usability and satisfaction.
"Java, Spring Boot","APIs, Server-side Development",Full Stack Developer,Works on both frontend and backend development of web applications.
